,n,mean,variance,std
Group A,2000.0,12.93127596199442,9.856294816399046,3.139473652763954
Group B,2000.0,15.063923020712245,6.918972091331016,2.6303939042149214
Group C,2000.0,17.185821507964146,11.58132489192802,3.4031345685893792
